                        case_id ,                        material,                        mat_code,                        R_m     ,                        L_m     ,                        a_m     ,                        b_m     ,                        t_m     ,                        n_theta ,                        tip_defl,                        buckling,                        sigma_ma,                        axial_lo,                        face_pre,                        load_pai,                        buckling,                        buckling,                        total_ma,                        buckling,
                        tri0_AL6,                        Al 6061-,                        AL6061  ,  0.55000000E+00,  0.10000000E+01,  0.35000000E+00,  0.12000000E-01,  0.50000000E-03,********,  0.00000000E+00, -0.21385560E-03,  0.00000000E+00,  0.10000000E+05,  0.57900843E+07,  0.10000000E+05, -0.21385560E+01, -0.21385560E+01,  0.92714136E+00, -0.23066127E+01,
